Red Fighter,Blue Fighter,Probability Win,Probability Lose
Raul Rosas Jr.,Raoni Barcelos,0.612202683354888,0.38779731664511197
Raoni Barcelos,Raul Rosas Jr.,0.40632095325224765,0.5936790467477524
Brady Hiestand,Rinya Nakamura,0.42363485112569915,0.5763651488743009
Rinya Nakamura,Brady Hiestand,0.5389777174953772,0.46102228250462285
Rodolfo Vieira,Robert Bryczek,0.5684628999104234,0.4315371000895766
Robert Bryczek,Rodolfo Vieira,0.3832631660349418,0.6167368339650582
Montel Jackson,Ricky Simon,0.6190494056399964,0.38095059436000356
Ricky Simon,Montel Jackson,0.4070392946974962,0.5929607053025038
John Castaneda,Alatengheili,0.5899223901044336,0.4100776098955664
Alatengheili,John Castaneda,0.44670048462709105,0.553299515372909
