Result,Red Fighter,Blue Fighter,Title,Date,Red age,Blue age,age oppdiff,Red last_fight,Blue last_fight,last_fight oppdiff,Red dob,Blue dob,Red totalfights,Blue totalfights,Red elo,Blue elo,Red losestreak,Blue losestreak,Red winstreak,Blue winstreak,Red titlewins,Blue titlewins,Red height,Blue height,Red reach,Blue reach,Red southpaw,Blue southpaw,Red oppelo,Blue oppelo,Red wins,Blue wins,Red avg age,Blue avg age,Red KD,Blue KD,Red KD differential,Blue KD differential,Red Sig. str.,Blue Sig. str.,Red Sig. str. differential,Blue Sig. str. differential,Red Total str.,Blue Total str.,Red Total str. differential,Blue Total str. differential,Red Td,Blue Td,Red Td differential,Blue Td differential,Red Sub. att,Blue Sub. att,Red Sub. att differential,Blue Sub. att differential,Red Rev.,Blue Rev.,Red Rev. differential,Blue Rev. differential,Red Ctrl,Blue Ctrl,Red Ctrl differential,Blue Ctrl differential,Red Head,Blue Head,Red Head differential,Blue Head differential,Red Body,Blue Body,Red Body differential,Blue Body differential,Red Leg,Blue Leg,Red Leg differential,Blue Leg differential,Red Distance,Blue Distance,Red Distance differential,Blue Distance differential,Red Clinch,Blue Clinch,Red Clinch differential,Blue Clinch differential,Red Ground,Blue Ground,Red Ground differential,Blue Ground differential,Red Sig. str.%,Blue Sig. str.%,Red Sig. str.% differential,Blue Sig. str.% differential,Red Sig. str.% defense,Blue Sig. str.% defense,Red Total str.%,Blue Total str.%,Red Total str.% differential,Blue Total str.% differential,Red Total str.% defense,Blue Total str.% defense,Red Td%,Blue Td%,Red Td% differential,Blue Td% differential,Red Td% defense,Blue Td% defense,Red Head%,Blue Head%,Red Head% differential,Blue Head% differential,Red Head% defense,Blue Head% defense,Red Body%,Blue Body%,Red Body% differential,Blue Body% differential,Red Body% defense,Blue Body% defense,Red Leg%,Blue Leg%,Red Leg% differential,Blue Leg% differential,Red Leg% defense,Blue Leg% defense,Red Distance%,Blue Distance%,Red Distance% differential,Blue Distance% differential,Red Distance% defense,Blue Distance% defense,Red Clinch%,Blue Clinch%,Red Clinch% differential,Blue Clinch% differential,Red Clinch% defense,Blue Clinch% defense,Red Ground%,Blue Ground%,Red Ground% differential,Blue Ground% differential,Red Ground% defense,Blue Ground% defense,dob oppdiff,totalfights oppdiff,elo oppdiff,losestreak oppdiff,winstreak oppdiff,titlewins oppdiff,height oppdiff,reach oppdiff,southpaw oppdiff,oppelo oppdiff,wins oppdiff,avg age oppdiff,KD oppdiff,KD differential oppdiff,Sig. str. oppdiff,Sig. str. differential oppdiff,Total str. oppdiff,Total str. differential oppdiff,Td oppdiff,Td differential oppdiff,Sub. att oppdiff,Sub. att differential oppdiff,Rev. oppdiff,Rev. differential oppdiff,Ctrl oppdiff,Ctrl differential oppdiff,Head oppdiff,Head differential oppdiff,Body oppdiff,Body differential oppdiff,Leg oppdiff,Leg differential oppdiff,Distance oppdiff,Distance differential oppdiff,Clinch oppdiff,Clinch differential oppdiff,Ground oppdiff,Ground differential oppdiff,Sig. str.% oppdiff,Sig. str.% differential oppdiff,Sig. str.% defense oppdiff,Total str.% oppdiff,Total str.% differential oppdiff,Total str.% defense oppdiff,Td% oppdiff,Td% differential oppdiff,Td% defense oppdiff,Head% oppdiff,Head% differential oppdiff,Head% defense oppdiff,Body% oppdiff,Body% differential oppdiff,Body% defense oppdiff,Leg% oppdiff,Leg% differential oppdiff,Leg% defense oppdiff,Distance% oppdiff,Distance% differential oppdiff,Distance% defense oppdiff,Clinch% oppdiff,Clinch% differential oppdiff,Clinch% defense oppdiff,Ground% oppdiff,Ground% differential oppdiff,Ground% defense oppdiff
unknown,Raul Rosas Jr.,Raoni Barcelos,,,22,39,-17,203,154,49,2004,1987,7,15,1082.3320117518076,1104.6376677659405,0,0,5,5,0,0,69,67,67,67,0,0,998.1400527451226,1029.7017803144888,0.8571428571428571,0.7333333333333333,19.857142857142858,35.0,0.07142857142857142,0.008121417374729519,0.06428571428571428,-0.20967741935483872,2.36152427199773,3.7081294825085243,3.0,3.004032258064516,4.4813666104340415,4.489243833102603,0.2714285714285714,-2.0048387096774194,0.5506154056369265,0.20127908227576802,7.435714285714286,2.574193548387097,0.022645140607837882,0.058285085518994056,-0.4714285714285714,0.8209677419354838,0.03884723120017238,0.0,0.11428571428571428,-0.31451612903225806,0.6155359205595935,0.24920372805177654,7.2248809523809525,2.630309139784946,1.8267304670461055,2.520888085819449,0.45,1.7298387096774193,0.24047619047619045,0.6430454359600971,-0.6642857142857143,-1.2903225806451613,0.29431761447543375,0.544195960728978,3.2142857142857144,2.564516129032258,1.2536294217499382,2.857940830972927,-0.32857142857142857,-1.625,0.07142857142857142,0.3376844589681242,-0.16428571428571428,0.23951612903225805,1.03646627881922,0.5125041925674734,3.492857142857143,4.389516129032258,0.3773395646639927,0.5265883974077215,-0.042468388497101314,0.0976621230303435,0.5801920468389058,0.5710737256226219,0.6064683325471023,0.5663016636685625,-0.045081563832975305,0.06720312220322701,0.34845010361992224,0.5009014585346645,0.5916383219954647,0.23818792766373414,0.3059240362811791,0.07374860354699064,0.7142857142857143,0.8355606758832566,0.30376574943244394,0.4334121254543208,-0.038832792408834874,0.07150664318190718,0.6574014581587212,0.6380945177275863,0.38392857142857145,0.6668984881342566,-0.32055194805194803,-0.040310131289675664,0.2955194805194805,0.2927913805760677,0.6708333333333334,0.8578226367515508,0.2279761904761905,-0.09684713059437765,0.5571428571428572,0.04533023265407145,0.34709106130490475,0.47007758860100096,-0.05490732303279563,0.06641678668830517,0.5980016156622997,0.5963391980873042,0.03214285714285714,0.8016308243727599,-0.09846938775510203,0.21604134664618535,0.8693877551020409,0.41441052227342545,0.46576330532212884,0.4930657290847102,0.18639822595704952,-0.004681966767824344,0.7206349206349206,0.5022523041474654,17.0,-8.0,-22.305656014132865,0.0,0.0,0.0,2.0,0.0,0.0,-31.561727569366212,0.12380952380952381,-15.142857142857142,0.06330715405384191,0.273963133640553,-1.3466052105107944,-0.004032258064516014,-0.007877222668561501,2.2762672811059907,0.34933632336115844,4.861520737327189,-0.03563994491115617,-1.2923963133640552,0.03884723120017238,0.42880184331797233,0.36633219250781696,4.594571812596007,-0.6941576187733436,-1.2798387096774193,-0.40256924548390666,0.626036866359447,-0.24987834625354427,0.6497695852534564,-1.6043114092229889,1.2964285714285715,-0.26625588753955276,-0.4038018433179723,0.5239620862517467,-0.8966589861751153,-0.14924883274372874,-0.14013051152744482,0.009118321216283864,0.04016666887853981,-0.11228468603620231,-0.15245135491474227,0.3534503943317306,0.23217543273418845,-0.12127496159754225,-0.12964637602187684,-0.11033943559074205,0.0193069404311349,-0.2829699167056851,-0.2802418167622724,0.0027280999434128317,-0.1869893034182174,0.32482332107056816,0.5118126244887857,-0.12298652729609622,-0.1213241097211008,0.0016624175749955228,-0.7694879672299028,-0.3145107344012874,0.45497723282861546,-0.02730242376258135,0.19108019272487387,0.21838261648745527
unknown,Raoni Barcelos,Raul Rosas Jr.,,,39,22,17,154,203,-49,1987,2004,15,7,1104.6376677659405,1082.3320117518076,0,0,5,5,0,0,67,69,67,67,0,0,1029.7017803144888,998.1400527451226,0.7333333333333333,0.8571428571428571,35.0,19.857142857142858,0.008121417374729519,0.07142857142857142,-0.20967741935483872,0.06428571428571428,3.7081294825085243,2.36152427199773,3.004032258064516,3.0,4.489243833102603,4.4813666104340415,-2.0048387096774194,0.2714285714285714,0.20127908227576802,0.5506154056369265,2.574193548387097,7.435714285714286,0.058285085518994056,0.022645140607837882,0.8209677419354838,-0.4714285714285714,0.0,0.03884723120017238,-0.31451612903225806,0.11428571428571428,0.24920372805177654,0.6155359205595935,2.630309139784946,7.2248809523809525,2.520888085819449,1.8267304670461055,1.7298387096774193,0.45,0.6430454359600971,0.24047619047619045,-1.2903225806451613,-0.6642857142857143,0.544195960728978,0.29431761447543375,2.564516129032258,3.2142857142857144,2.857940830972927,1.2536294217499382,-1.625,-0.32857142857142857,0.3376844589681242,0.07142857142857142,0.23951612903225805,-0.16428571428571428,0.5125041925674734,1.03646627881922,4.389516129032258,3.492857142857143,0.5265883974077215,0.3773395646639927,0.0976621230303435,-0.042468388497101314,0.5710737256226219,0.5801920468389058,0.5663016636685625,0.6064683325471023,0.06720312220322701,-0.045081563832975305,0.5009014585346645,0.34845010361992224,0.23818792766373414,0.5916383219954647,0.07374860354699064,0.3059240362811791,0.8355606758832566,0.7142857142857143,0.4334121254543208,0.30376574943244394,0.07150664318190718,-0.038832792408834874,0.6380945177275863,0.6574014581587212,0.6668984881342566,0.38392857142857145,-0.040310131289675664,-0.32055194805194803,0.2927913805760677,0.2955194805194805,0.8578226367515508,0.6708333333333334,-0.09684713059437765,0.2279761904761905,0.04533023265407145,0.5571428571428572,0.47007758860100096,0.34709106130490475,0.06641678668830517,-0.05490732303279563,0.5963391980873042,0.5980016156622997,0.8016308243727599,0.03214285714285714,0.21604134664618535,-0.09846938775510203,0.41441052227342545,0.8693877551020409,0.4930657290847102,0.46576330532212884,-0.004681966767824344,0.18639822595704952,0.5022523041474654,0.7206349206349206,-17.0,8.0,22.305656014132865,0.0,0.0,0.0,-2.0,0.0,0.0,31.561727569366212,-0.12380952380952381,15.142857142857142,-0.06330715405384191,-0.273963133640553,1.3466052105107944,0.004032258064516014,0.007877222668561501,-2.2762672811059907,-0.34933632336115844,-4.861520737327189,0.03563994491115617,1.2923963133640552,-0.03884723120017238,-0.42880184331797233,-0.36633219250781696,-4.594571812596007,0.6941576187733436,1.2798387096774193,0.40256924548390666,-0.626036866359447,0.24987834625354427,-0.6497695852534564,1.6043114092229889,-1.2964285714285715,0.26625588753955276,0.4038018433179723,-0.5239620862517467,0.8966589861751153,0.14924883274372874,0.14013051152744482,-0.009118321216283864,-0.04016666887853981,0.11228468603620231,0.15245135491474227,-0.3534503943317306,-0.23217543273418845,0.12127496159754225,0.12964637602187684,0.11033943559074205,-0.0193069404311349,0.2829699167056851,0.2802418167622724,-0.0027280999434128317,0.1869893034182174,-0.32482332107056816,-0.5118126244887857,0.12298652729609622,0.1213241097211008,-0.0016624175749955228,0.7694879672299028,0.3145107344012874,-0.45497723282861546,0.02730242376258135,-0.19108019272487387,-0.21838261648745527
unknown,Brady Hiestand,Rinya Nakamura,,,27,31,-4,833,420,413,1999,1995,4,5,1040.1581365691247,1046.6036256807877,0,0,3,1,0,0,68,67,71,68,0,1,1000.6884874732422,989.325476087771,0.75,0.8,23.5,29.0,0.0,0.5059984004265529,-0.8666666666666667,0.2,2.245086151022024,6.832531769305962,-14.6,8.254545454545454,4.574609090553184,7.466471163245356,-15.833333333333334,-2.290909090909091,0.3723806913831578,0.052121212121212124,4.2,0.7818181818181819,0.1437203495630462,0.03393939393939394,1.0666666666666667,0.43636363636363634,0.0022222222222222222,0.0,-0.9666666666666667,0.0,0.4375560862510711,0.23706312390769868,3.5783333333333327,2.5660606060606064,1.4554852601495516,3.6017204301075267,-16.8,4.218181818181818,0.5934607872563477,2.028621700879765,2.3,2.327272727272727,0.19614010361612444,1.2021896383186708,-0.1,1.709090909090909,1.9239093989655787,4.590246156580467,0.43333333333333335,2.2545454545454544,0.21533083645443193,0.06909090909090909,-2.8333333333333335,-0.2909090909090909,0.10584591560201316,2.1731947036345862,-12.2,6.290909090909091,0.49226104770266316,0.5533822601335219,0.002481024151261879,0.1366339982943509,0.5102199764485987,0.583251738160829,0.6051748102133213,0.5867100789668183,0.0168462874602357,0.07304614557515628,0.4116714772469146,0.48633606660833795,0.4429070929070929,0.23636363636363636,0.059573759573759585,0.23636363636363636,0.6166666666666667,1.0,0.41528422099950846,0.40191946931007555,-0.03266993240669969,0.23249925695043913,0.5520458465937919,0.8305797876403636,0.7222222222222221,0.9093351093351093,0.016296296296296222,0.11323121323121321,0.29407407407407404,0.2038961038961039,0.8652777777777778,0.8632167832167833,0.47361111111111115,0.3144988344988345,0.6083333333333333,0.4512820512820513,0.461554097037968,0.5349586776859504,0.03194345862318436,0.12993095686875594,0.5703893615852164,0.5949722791828055,0.5155555555555555,0.45454545454545453,-0.18938271604938273,0.2064935064935065,0.29506172839506173,0.751948051948052,0.46190476190476193,0.6160839160839161,-0.1601163542340013,0.39952547452547454,0.37797888386123674,0.7834415584415585,4.0,-1.0,-6.445489111662937,0.0,2.0,0.0,1.0,3.0,-1.0,11.363011385471168,-0.050000000000000044,-5.5,-0.5059984004265529,-1.0666666666666667,-4.5874456182839385,-22.854545454545452,-2.891862072692172,-13.542424242424243,0.3202594792619457,3.4181818181818184,0.10978095562365225,0.6303030303030304,0.0022222222222222222,-0.9666666666666667,0.20049296234337244,1.0122727272727263,-2.146235169957975,-21.01818181818182,-1.4351609136234176,-0.027272727272727337,-1.0060495347025462,-1.809090909090909,-2.6663367576148884,-1.821212121212121,0.14623992736352284,-2.5424242424242425,-2.067348788032573,-18.490909090909092,-0.06112121243085872,-0.13415297414308902,-0.07303176171223025,0.018464731246503052,-0.05619985811492058,-0.07466458936142334,0.20654345654345654,-0.1767898767898768,-0.3833333333333333,0.013364751689432908,-0.26516918935713885,-0.2785339410465717,-0.1871128871128872,-0.09693491693491699,0.09017797017797013,0.0020609945609945113,0.15911227661227667,0.157051282051282,-0.07340458064798239,-0.09798749824557158,-0.024582917597589127,0.061010101010101014,-0.39587622254288923,-0.4568863235529903,-0.15417915417915418,-0.5596418287594759,-0.40546267458032176
unknown,Rinya Nakamura,Brady Hiestand,,,31,27,4,420,833,-413,1995,1999,5,4,1046.6036256807877,1040.1581365691247,0,0,1,3,0,0,67,68,68,71,1,0,989.325476087771,1000.6884874732422,0.8,0.75,29.0,23.5,0.5059984004265529,0.0,0.2,-0.8666666666666667,6.832531769305962,2.245086151022024,8.254545454545454,-14.6,7.466471163245356,4.574609090553184,-2.290909090909091,-15.833333333333334,0.052121212121212124,0.3723806913831578,0.7818181818181819,4.2,0.03393939393939394,0.1437203495630462,0.43636363636363634,1.0666666666666667,0.0,0.0022222222222222222,0.0,-0.9666666666666667,0.23706312390769868,0.4375560862510711,2.5660606060606064,3.5783333333333327,3.6017204301075267,1.4554852601495516,4.218181818181818,-16.8,2.028621700879765,0.5934607872563477,2.327272727272727,2.3,1.2021896383186708,0.19614010361612444,1.709090909090909,-0.1,4.590246156580467,1.9239093989655787,2.2545454545454544,0.43333333333333335,0.06909090909090909,0.21533083645443193,-0.2909090909090909,-2.8333333333333335,2.1731947036345862,0.10584591560201316,6.290909090909091,-12.2,0.5533822601335219,0.49226104770266316,0.1366339982943509,0.002481024151261879,0.583251738160829,0.5102199764485987,0.5867100789668183,0.6051748102133213,0.07304614557515628,0.0168462874602357,0.48633606660833795,0.4116714772469146,0.23636363636363636,0.4429070929070929,0.23636363636363636,0.059573759573759585,1.0,0.6166666666666667,0.40191946931007555,0.41528422099950846,0.23249925695043913,-0.03266993240669969,0.8305797876403636,0.5520458465937919,0.9093351093351093,0.7222222222222221,0.11323121323121321,0.016296296296296222,0.2038961038961039,0.29407407407407404,0.8632167832167833,0.8652777777777778,0.3144988344988345,0.47361111111111115,0.4512820512820513,0.6083333333333333,0.5349586776859504,0.461554097037968,0.12993095686875594,0.03194345862318436,0.5949722791828055,0.5703893615852164,0.45454545454545453,0.5155555555555555,0.2064935064935065,-0.18938271604938273,0.751948051948052,0.29506172839506173,0.6160839160839161,0.46190476190476193,0.39952547452547454,-0.1601163542340013,0.7834415584415585,0.37797888386123674,-4.0,1.0,6.445489111662937,0.0,-2.0,0.0,-1.0,-3.0,1.0,-11.363011385471168,0.050000000000000044,5.5,0.5059984004265529,1.0666666666666667,4.5874456182839385,22.854545454545452,2.891862072692172,13.542424242424243,-0.3202594792619457,-3.4181818181818184,-0.10978095562365225,-0.6303030303030304,-0.0022222222222222222,0.9666666666666667,-0.20049296234337244,-1.0122727272727263,2.146235169957975,21.01818181818182,1.4351609136234176,0.027272727272727337,1.0060495347025462,1.809090909090909,2.6663367576148884,1.821212121212121,-0.14623992736352284,2.5424242424242425,2.067348788032573,18.490909090909092,0.06112121243085872,0.13415297414308902,0.07303176171223025,-0.018464731246503052,0.05619985811492058,0.07466458936142334,-0.20654345654345654,0.1767898767898768,0.3833333333333333,-0.013364751689432908,0.26516918935713885,0.2785339410465717,0.1871128871128872,0.09693491693491699,-0.09017797017797013,-0.0020609945609945113,-0.15911227661227667,-0.157051282051282,0.07340458064798239,0.09798749824557158,0.024582917597589127,-0.061010101010101014,0.39587622254288923,0.4568863235529903,0.15417915417915418,0.5596418287594759,0.40546267458032176
unknown,Rodolfo Vieira,Robert Bryczek,,,37,36,1,154,147,7,1989,1990,11,3,1018.1126517733782,985.7556445739499,2,1,0,0,0,0,72,72,73,75,0,0,1013.8661795855772,1028.041413351979,0.5454545454545454,0.3333333333333333,33.81818181818182,35.0,0.015942028985507246,0.02438528754318228,-0.029644268774703556,0.21428571428571427,3.1439422223695814,2.5391519338887756,-8.883399209486166,-34.92857142857143,4.066838144852799,3.7443338074917025,-12.705533596837945,-50.142857142857146,0.17866330378648512,0.02438528754318228,0.9189723320158103,-1.9285714285714286,0.06365193697146666,0.04285714285714286,0.21541501976284586,0.6428571428571429,0.0,0.0,-0.04940711462450593,0.0,0.3004103492727251,0.03927894059473007,2.677404479578393,-6.633333333333332,1.6874114444006822,1.4508704192914716,-12.673913043478262,-34.57142857142857,0.6036552043942164,0.7806407911671069,0.5592885375494071,3.9285714285714284,0.8528755735746829,0.3076407234301971,3.231225296442688,-4.285714285714286,2.8546755176418324,1.9199959357854095,-7.075098814229249,-11.285714285714286,0.19641545965994264,0.22899139741245003,-0.16205533596837945,0.7142857142857143,0.09285124506780638,0.39016460069091646,-1.6462450592885376,-24.357142857142858,0.5326448660069156,0.4533393665462969,0.00906394740554798,-0.03136551540648414,0.4764190813986323,0.515295118047219,0.5854934350558473,0.5538448129052156,0.010408452374546304,0.02444852978537927,0.4249150173186991,0.47060371688016367,0.23328456786954813,0.2857142857142857,-0.1375981725784097,-0.08503401360544213,0.6291172595520421,0.6292517006802721,0.41392365239663514,0.28840091946888063,-0.015707122473237457,-0.12991932753884483,0.5703692251301274,0.5816797529922745,0.714486166007905,0.7133597883597884,0.08978019564976086,0.07920227920227922,0.3752940296418557,0.3658424908424909,0.7784053265575005,0.7540816326530612,-0.09309711423841859,-0.19465786314525804,0.12849755920408096,0.05126050420168068,0.4853512611152784,0.4338804217575559,-0.02107918331513906,0.03793608154492305,0.4935695555695825,0.6040556597873671,0.7028985507246377,0.18452380952380953,0.3131156283330196,-0.6369047619047619,0.610217077608382,0.17857142857142858,0.06897746522252451,0.21768707482993196,-0.2578880276508735,-0.2206246134817563,0.673134507126602,0.5616883116883117,-1.0,8.0,32.35700719942827,1.0,0.0,0.0,0.0,-2.0,0.0,-14.175233766401675,0.2121212121212121,-1.1818181818181799,-0.008443258557675033,-0.24392998306041783,0.6047902884808058,26.045172219085266,0.3225043373610963,37.4373235460192,0.15427801624330284,2.847543760587239,0.020794794114323806,-0.4274421230942971,0.0,-0.04940711462450593,0.261131408677995,9.310737812911725,0.2365410251092106,21.897515527950308,-0.17698558677289056,-3.369282891022021,0.5452348501444858,7.516939582156974,0.9346795818564229,4.2106154714850375,-0.03257593775250739,-0.8763410502540938,-0.29731335562311006,22.71089779785432,0.07930549946061871,0.04042946281203212,-0.03887603664858663,0.03164862215063169,-0.014040077410832965,-0.045688699561464596,-0.05242971784473757,-0.05256415897296757,-0.00013444112823002285,0.1255227329277545,0.11421220506560738,-0.011310527862147035,0.0011263776481166277,0.010577916447481642,0.009451538799364834,0.024323693904439336,0.10156074890683946,0.07723705500240027,0.05147083935772245,-0.0590152648600621,-0.1104861042177846,0.5183747412008282,0.9500203902377815,0.43164564903695335,-0.14870960960740745,-0.03726341416911719,0.11144619543829037
unknown,Robert Bryczek,Rodolfo Vieira,,,36,37,-1,147,154,-7,1990,1989,3,11,985.7556445739499,1018.1126517733782,1,2,0,0,0,0,72,72,75,73,0,0,1028.041413351979,1013.8661795855772,0.3333333333333333,0.5454545454545454,35.0,33.81818181818182,0.02438528754318228,0.015942028985507246,0.21428571428571427,-0.029644268774703556,2.5391519338887756,3.1439422223695814,-34.92857142857143,-8.883399209486166,3.7443338074917025,4.066838144852799,-50.142857142857146,-12.705533596837945,0.02438528754318228,0.17866330378648512,-1.9285714285714286,0.9189723320158103,0.04285714285714286,0.06365193697146666,0.6428571428571429,0.21541501976284586,0.0,0.0,0.0,-0.04940711462450593,0.03927894059473007,0.3004103492727251,-6.633333333333332,2.677404479578393,1.4508704192914716,1.6874114444006822,-34.57142857142857,-12.673913043478262,0.7806407911671069,0.6036552043942164,3.9285714285714284,0.5592885375494071,0.3076407234301971,0.8528755735746829,-4.285714285714286,3.231225296442688,1.9199959357854095,2.8546755176418324,-11.285714285714286,-7.075098814229249,0.22899139741245003,0.19641545965994264,0.7142857142857143,-0.16205533596837945,0.39016460069091646,0.09285124506780638,-24.357142857142858,-1.6462450592885376,0.4533393665462969,0.5326448660069156,-0.03136551540648414,0.00906394740554798,0.515295118047219,0.4764190813986323,0.5538448129052156,0.5854934350558473,0.02444852978537927,0.010408452374546304,0.47060371688016367,0.4249150173186991,0.2857142857142857,0.23328456786954813,-0.08503401360544213,-0.1375981725784097,0.6292517006802721,0.6291172595520421,0.28840091946888063,0.41392365239663514,-0.12991932753884483,-0.015707122473237457,0.5816797529922745,0.5703692251301274,0.7133597883597884,0.714486166007905,0.07920227920227922,0.08978019564976086,0.3658424908424909,0.3752940296418557,0.7540816326530612,0.7784053265575005,-0.19465786314525804,-0.09309711423841859,0.05126050420168068,0.12849755920408096,0.4338804217575559,0.4853512611152784,0.03793608154492305,-0.02107918331513906,0.6040556597873671,0.4935695555695825,0.18452380952380953,0.7028985507246377,-0.6369047619047619,0.3131156283330196,0.17857142857142858,0.610217077608382,0.21768707482993196,0.06897746522252451,-0.2206246134817563,-0.2578880276508735,0.5616883116883117,0.673134507126602,1.0,-8.0,-32.35700719942827,-1.0,0.0,0.0,0.0,2.0,0.0,14.175233766401675,-0.2121212121212121,1.1818181818181799,0.008443258557675033,0.24392998306041783,-0.6047902884808058,-26.045172219085266,-0.3225043373610963,-37.4373235460192,-0.15427801624330284,-2.847543760587239,-0.020794794114323806,0.4274421230942971,0.0,0.04940711462450593,-0.261131408677995,-9.310737812911725,-0.2365410251092106,-21.897515527950308,0.17698558677289056,3.369282891022021,-0.5452348501444858,-7.516939582156974,-0.9346795818564229,-4.2106154714850375,0.03257593775250739,0.8763410502540938,0.29731335562311006,-22.71089779785432,-0.07930549946061871,-0.04042946281203212,0.03887603664858663,-0.03164862215063169,0.014040077410832965,0.045688699561464596,0.05242971784473757,0.05256415897296757,0.00013444112823002285,-0.1255227329277545,-0.11421220506560738,0.011310527862147035,-0.0011263776481166277,-0.010577916447481642,-0.009451538799364834,-0.024323693904439336,-0.10156074890683946,-0.07723705500240027,-0.05147083935772245,0.0590152648600621,0.1104861042177846,-0.5183747412008282,-0.9500203902377815,-0.43164564903695335,0.14870960960740745,0.03726341416911719,-0.11144619543829037
unknown,Montel Jackson,Ricky Simon,,,34,34,0,154,322,-168,1992,1992,13,16,1085.985238056211,1071.050487098228,2,1,0,0,0,0,70,66,75,69,1,0,1038.3751431584155,1050.1464969202111,0.6923076923076923,0.625,29.692307692307693,29.5,0.5166895336386862,0.04921186163767195,0.8827838827838828,0.09090909090909091,3.912417539536184,3.0819058143951135,11.584859584859585,-16.84692513368984,5.385382812501457,4.149929478081411,25.62759462759463,-9.484625668449198,0.06813186813186814,0.19285270095228493,-1.4322344322344323,1.893048128342246,0.01676841676841677,0.014431016978492663,-0.46886446886446886,0.14304812834224598,0.0027676027676027675,0.011452762923351158,0.04151404151404151,0.14772727272727273,0.19182113074768445,0.3032344627342938,-1.0529100529100528,3.3432709447415325,3.271549664770004,2.248337976660197,14.948717948717949,-6.36096256684492,0.3706577876069401,0.42910556433314967,-0.6984126984126984,-7.572192513368984,0.2702100871592397,0.4044622734017676,-2.6654456654456653,-2.9137700534759357,1.9403966827695642,2.5650668370708596,7.180708180708181,-19.380347593582886,0.2845526099763388,0.21383710136264422,1.0744810744810744,0.8636363636363636,1.6874682467902804,0.3030018759616103,3.32967032967033,1.6697860962566844,0.5136854504817194,0.4658261547269161,-0.020013140762667178,0.05118445149544161,0.4663014087556135,0.5853582967685256,0.5979476002583282,0.5243660110499487,0.012604713603644613,0.08636469365514662,0.4146571133453165,0.5619986826051979,0.30476190476190473,0.264866185136907,0.028001474993956187,0.11094056530219634,0.7232395702320513,0.8460743801652892,0.464075182565921,0.3930156975868955,0.2293021911009149,0.06898841286320657,0.7652270085349939,0.675972715276311,0.6807491867642244,0.8595702398092103,0.11913754073111739,0.09655118971585691,0.4383883539668931,0.2369809499066465,0.7448736448736448,0.9332303169201565,-0.05331679010105842,0.23907256178369957,0.20180956502529668,0.305842244863543,0.4392583285546326,0.4316055977000135,-0.04906009101766852,0.030003322018745268,0.5116815804276988,0.5983977243187317,0.55235185794192,0.5714763177998472,0.08980607039613249,-0.00257622811970639,0.5374542124542124,0.42594745408044643,0.4776651896326082,0.5773445897472287,-0.1712969593295408,0.3901843847561413,0.351037851037851,0.8128397950089126,0.0,-3.0,14.93475095798317,1.0,0.0,0.0,4.0,6.0,1.0,-11.77135376179558,0.06730769230769229,0.1923076923076934,0.46747767200101425,0.7918747918747918,0.8305117251410707,28.431784718549423,1.235453334420046,35.11222029604383,-0.1247208328204168,-3.325282560576678,0.0023373997899241057,-0.6119125972067149,-0.00868516015574839,-0.10621323121323123,-0.11141333198660933,-4.3961809976515855,1.0232116881098072,21.309680515562867,-0.058447776726209544,6.873779814956285,-0.13425218624252788,0.24832438803027035,-0.6246701543012954,26.561055774291066,0.07071550861369458,0.2108447108447108,1.3844663708286702,1.6598842334136454,0.047859295754803355,-0.07119759225810879,-0.11905688801291209,0.07358158920837943,-0.07375998005150201,-0.1473415692598814,0.039895719624997716,-0.08293909030824015,-0.12283480993323792,0.07105948497902553,0.16031377823770832,0.08925429325868295,-0.17882105304498597,0.022586351015260478,0.20140740406024657,-0.18835667204651163,-0.292389351884758,-0.10403267983824632,0.007652730854619094,-0.07906341303641379,-0.08671614389103288,-0.019124459857927212,0.09238229851583887,0.111506758373766,-0.09967940011462051,-0.5614813440856821,-0.46180194397106156
unknown,Ricky Simon,Montel Jackson,,,34,34,0,322,154,168,1992,1992,16,13,1071.050487098228,1085.985238056211,1,2,0,0,0,0,66,70,69,75,0,1,1050.1464969202111,1038.3751431584155,0.625,0.6923076923076923,29.5,29.692307692307693,0.04921186163767195,0.5166895336386862,0.09090909090909091,0.8827838827838828,3.0819058143951135,3.912417539536184,-16.84692513368984,11.584859584859585,4.149929478081411,5.385382812501457,-9.484625668449198,25.62759462759463,0.19285270095228493,0.06813186813186814,1.893048128342246,-1.4322344322344323,0.014431016978492663,0.01676841676841677,0.14304812834224598,-0.46886446886446886,0.011452762923351158,0.0027676027676027675,0.14772727272727273,0.04151404151404151,0.3032344627342938,0.19182113074768445,3.3432709447415325,-1.0529100529100528,2.248337976660197,3.271549664770004,-6.36096256684492,14.948717948717949,0.42910556433314967,0.3706577876069401,-7.572192513368984,-0.6984126984126984,0.4044622734017676,0.2702100871592397,-2.9137700534759357,-2.6654456654456653,2.5650668370708596,1.9403966827695642,-19.380347593582886,7.180708180708181,0.21383710136264422,0.2845526099763388,0.8636363636363636,1.0744810744810744,0.3030018759616103,1.6874682467902804,1.6697860962566844,3.32967032967033,0.4658261547269161,0.5136854504817194,0.05118445149544161,-0.020013140762667178,0.5853582967685256,0.4663014087556135,0.5243660110499487,0.5979476002583282,0.08636469365514662,0.012604713603644613,0.5619986826051979,0.4146571133453165,0.264866185136907,0.30476190476190473,0.11094056530219634,0.028001474993956187,0.8460743801652892,0.7232395702320513,0.3930156975868955,0.464075182565921,0.06898841286320657,0.2293021911009149,0.675972715276311,0.7652270085349939,0.8595702398092103,0.6807491867642244,0.09655118971585691,0.11913754073111739,0.2369809499066465,0.4383883539668931,0.9332303169201565,0.7448736448736448,0.23907256178369957,-0.05331679010105842,0.305842244863543,0.20180956502529668,0.4316055977000135,0.4392583285546326,0.030003322018745268,-0.04906009101766852,0.5983977243187317,0.5116815804276988,0.5714763177998472,0.55235185794192,-0.00257622811970639,0.08980607039613249,0.42594745408044643,0.5374542124542124,0.5773445897472287,0.4776651896326082,0.3901843847561413,-0.1712969593295408,0.8128397950089126,0.351037851037851,0.0,3.0,-14.93475095798317,-1.0,0.0,0.0,-4.0,-6.0,-1.0,11.77135376179558,-0.06730769230769229,-0.1923076923076934,-0.46747767200101425,-0.7918747918747918,-0.8305117251410707,-28.431784718549423,-1.235453334420046,-35.11222029604383,0.1247208328204168,3.325282560576678,-0.0023373997899241057,0.6119125972067149,0.00868516015574839,0.10621323121323123,0.11141333198660933,4.3961809976515855,-1.0232116881098072,-21.309680515562867,0.058447776726209544,-6.873779814956285,0.13425218624252788,-0.24832438803027035,0.6246701543012954,-26.561055774291066,-0.07071550861369458,-0.2108447108447108,-1.3844663708286702,-1.6598842334136454,-0.047859295754803355,0.07119759225810879,0.11905688801291209,-0.07358158920837943,0.07375998005150201,0.1473415692598814,-0.039895719624997716,0.08293909030824015,0.12283480993323792,-0.07105948497902553,-0.16031377823770832,-0.08925429325868295,0.17882105304498597,-0.022586351015260478,-0.20140740406024657,0.18835667204651163,0.292389351884758,0.10403267983824632,-0.007652730854619094,0.07906341303641379,0.08671614389103288,0.019124459857927212,-0.09238229851583887,-0.111506758373766,0.09967940011462051,0.5614813440856821,0.46180194397106156
unknown,John Castaneda,Alatengheili,,,35,35,0,518,518,0,1991,1991,8,8,1009.0757622816648,1032.994540327965,2,1,0,0,0,0,66,65,71,66,0,0,1033.9907579031135,1015.7725840818265,0.5,0.625,31.5,30.75,0.02438978873898861,0.10012515644555695,-0.36764705882352944,0.0784313725490196,4.335140748794506,3.521061048532888,-8.97549019607843,-39.004901960784316,5.667140449679744,5.089361702127659,-0.45098039215686275,-27.480392156862745,0.12158703857129705,0.09411764705882353,1.5049019607843137,1.411764705882353,0.0037923478847126245,0.0,0.04411764705882353,0.0,0.0,0.0,0.0,0.0,0.22233032446917897,0.16690840402354798,2.456127450980392,2.3357843137254903,2.180254165779741,2.4988388263106662,-15.857843137254902,-17.04901960784314,0.8046237365764336,0.6591503267973856,-0.9950980392156863,-9.117647058823529,1.3502628464383317,0.3630718954248366,7.877450980392157,-12.838235294117647,3.958443793460993,3.301981643721318,-4.568627450980392,-39.372549019607845,0.25405264894609525,0.02091503267973856,-4.769607843137255,-0.6323529411764706,0.12264430638741902,0.19816437213183147,0.3627450980392157,1.0,0.5254571526937053,0.3326697550981376,0.0276754186321739,-0.08751297332830899,0.5022182659384686,0.5798172715735534,0.5874649498608541,0.40621635270976947,0.06984132351905821,-0.05906774942110384,0.4823763736582042,0.5347158978691268,0.5284313725490196,0.39906539538892477,0.46797385620915033,0.39906539538892477,0.9395424836601307,1.0,0.43191742926313054,0.275383005179718,0.015789222312519544,-0.038247565333091,0.583871793049389,0.686369429487191,0.6129290439952205,0.5002242639137103,-0.07002667943132837,-0.11218825078791071,0.31704427657345113,0.38758748529837894,0.7570419347233605,0.812433155080214,-0.03653036216324715,0.14853235946586335,0.2064277031133923,0.33609920438564944,0.5078251507456668,0.32461529689301344,0.027762474560728664,-0.09212618733170658,0.5199373238150617,0.58325851577528,0.7958853238265003,0.3137254901960784,0.30411220043572984,0.08396464646464648,0.5082268766092295,0.7702391562685682,0.1962340491752256,0.25612745098039214,-0.09788359788359788,0.13011822376009227,0.7058823529411765,0.8739907727797002,0.0,0.0,-23.918778046300304,1.0,0.0,0.0,1.0,5.0,0.0,18.218173821286996,-0.125,0.75,-0.07573536770656833,-0.44607843137254904,0.8140797002616185,30.029411764705884,0.5777787475520846,27.029411764705884,0.027469391512473518,0.09313725490196068,0.0037923478847126245,0.04411764705882353,0.0,0.0,0.05542192044563099,0.12034313725490176,-0.31858466053092505,1.1911764705882373,0.145473409779048,8.122549019607842,0.9871909510134951,20.715686274509803,0.6564621497396748,34.80392156862745,0.23313761626635668,-4.137254901960784,-0.07552006574441245,-0.6372549019607843,0.19278739759556768,0.11518839196048289,-0.07759900563508482,0.1812485971510846,0.12890907294016204,-0.05233952421092258,0.12936597716009485,0.06890846082022556,-0.06045751633986929,0.15653442408341256,0.05403678764561055,-0.10249763643780208,0.11270478008151019,0.04216157135658234,-0.07054320872492781,-0.05539122035685351,-0.1850627216291105,-0.12967150127225713,0.18320985385265337,0.11988866189243524,-0.06332119196021824,0.4821598336304219,0.22014755397108338,-0.2620122796593387,-0.05989340180516653,-0.22800182164369015,-0.16810841983852365
unknown,Alatengheili,John Castaneda,,,35,35,0,518,518,0,1991,1991,8,8,1032.994540327965,1009.0757622816648,1,2,0,0,0,0,65,66,66,71,0,0,1015.7725840818265,1033.9907579031135,0.625,0.5,30.75,31.5,0.10012515644555695,0.02438978873898861,0.0784313725490196,-0.36764705882352944,3.521061048532888,4.335140748794506,-39.004901960784316,-8.97549019607843,5.089361702127659,5.667140449679744,-27.480392156862745,-0.45098039215686275,0.09411764705882353,0.12158703857129705,1.411764705882353,1.5049019607843137,0.0,0.0037923478847126245,0.0,0.04411764705882353,0.0,0.0,0.0,0.0,0.16690840402354798,0.22233032446917897,2.3357843137254903,2.456127450980392,2.4988388263106662,2.180254165779741,-17.04901960784314,-15.857843137254902,0.6591503267973856,0.8046237365764336,-9.117647058823529,-0.9950980392156863,0.3630718954248366,1.3502628464383317,-12.838235294117647,7.877450980392157,3.301981643721318,3.958443793460993,-39.372549019607845,-4.568627450980392,0.02091503267973856,0.25405264894609525,-0.6323529411764706,-4.769607843137255,0.19816437213183147,0.12264430638741902,1.0,0.3627450980392157,0.3326697550981376,0.5254571526937053,-0.08751297332830899,0.0276754186321739,0.5798172715735534,0.5022182659384686,0.40621635270976947,0.5874649498608541,-0.05906774942110384,0.06984132351905821,0.5347158978691268,0.4823763736582042,0.39906539538892477,0.5284313725490196,0.39906539538892477,0.46797385620915033,1.0,0.9395424836601307,0.275383005179718,0.43191742926313054,-0.038247565333091,0.015789222312519544,0.686369429487191,0.583871793049389,0.5002242639137103,0.6129290439952205,-0.11218825078791071,-0.07002667943132837,0.38758748529837894,0.31704427657345113,0.812433155080214,0.7570419347233605,0.14853235946586335,-0.03653036216324715,0.33609920438564944,0.2064277031133923,0.32461529689301344,0.5078251507456668,-0.09212618733170658,0.027762474560728664,0.58325851577528,0.5199373238150617,0.3137254901960784,0.7958853238265003,0.08396464646464648,0.30411220043572984,0.7702391562685682,0.5082268766092295,0.25612745098039214,0.1962340491752256,0.13011822376009227,-0.09788359788359788,0.8739907727797002,0.7058823529411765,0.0,0.0,23.918778046300304,-1.0,0.0,0.0,-1.0,-5.0,0.0,-18.218173821286996,0.125,-0.75,0.07573536770656833,0.44607843137254904,-0.8140797002616185,-30.029411764705884,-0.5777787475520846,-27.029411764705884,-0.027469391512473518,-0.09313725490196068,-0.0037923478847126245,-0.04411764705882353,0.0,0.0,-0.05542192044563099,-0.12034313725490176,0.31858466053092505,-1.1911764705882373,-0.145473409779048,-8.122549019607842,-0.9871909510134951,-20.715686274509803,-0.6564621497396748,-34.80392156862745,-0.23313761626635668,4.137254901960784,0.07552006574441245,0.6372549019607843,-0.19278739759556768,-0.11518839196048289,0.07759900563508482,-0.1812485971510846,-0.12890907294016204,0.05233952421092258,-0.12936597716009485,-0.06890846082022556,0.06045751633986929,-0.15653442408341256,-0.05403678764561055,0.10249763643780208,-0.11270478008151019,-0.04216157135658234,0.07054320872492781,0.05539122035685351,0.1850627216291105,0.12967150127225713,-0.18320985385265337,-0.11988866189243524,0.06332119196021824,-0.4821598336304219,-0.22014755397108338,0.2620122796593387,0.05989340180516653,0.22800182164369015,0.16810841983852365
