Red Fighter,Blue Fighter,Predicted Result,Probability,Actual Result
Giga Chikadze,Kevin Vallejos,loss,0.6070490894962575,loss
Manel Kape,Brandon Royval,win,0.5774615693890823,win
Charles Johnson,Alex Perez,win,0.5263157425366406,loss
Nikita Krylov,Modestas Bukauskas,loss,0.5364163088047198,win
Andrey Pulyaev,Ateba Gautier,loss,0.6856596804030655,loss
Umar Nurmagomedov,Deiveson Figueiredo,win,0.7250447732251725,win
Arnold Allen,Jean Silva,win,0.7288183948777878,loss
Waldo Cortes Acosta,Derrick Lewis,win,0.7116311128934935,win
Sean O'Malley,Song Yadong,win,0.5073975529492983,win
Justin Gaethje,Paddy Pimblett,loss,0.6571278341304899,win
Yizha,Kaan Ofli,win,0.5254768231741359,loss
Billy Elekana,Junior Tafa,win,0.5890902940343535,win
Jamie Mullarkey,Quillan Salkilld,loss,0.6227524334439769,loss
Tallison Teixeira,Tai Tuivasa,win,0.675571906263144,win
Mauricio Ruffy,Rafael Fiziev,loss,0.5905820572802098,win
Dan Hooker,Benoit Saint Denis,loss,0.6301664241683256,loss
Diego Lopes,Alexander Volkanovski,loss,0.5493739629113158,loss
Nikolay Veretennikov,Niko Price,loss,0.5536976116685166,win
Dustin Jacoby,Julius Walker,loss,0.6334838434401309,win
Farid Basharat,Jean Matsumoto,win,0.5599453133477751,win
Marc-Andre Barriault,Michal Oleksiejczuk,loss,0.7308145540383342,loss
Kyoji Horiguchi,Amir Albazi,win,0.6327280610415025,win
Vinicius Oliveira,Mario Bautista,win,0.6402092848686033,loss
Jordan Leavitt,Yadier del Valle,loss,0.5312985307907094,win
Punahele Soriano,Ramiz Brahimaj,win,0.5518167567148957,win
Chidi Njokuani,Carlos Leal,loss,0.5283895126763809,loss
Zach Reese,Michel Pereira,loss,0.5166907289114463,loss
Serghei Spivac,Ante Delija,win,0.6069925668128062,win
Melquizael Costa,Dan Ige,win,0.7305687785404238,win
Uros Medic,Geoff Neal,win,0.5381086338713121,win
Anthony Hernandez,Sean Strickland,win,0.6993976474097094,loss
Erik Silva,Francis Marshall,loss,0.7048539535090128,loss
Cristian Quinonez,Kris Moutinho,win,0.655973763114303,win
Felipe Bunes,Edgar Chairez,loss,0.6067862231140687,loss
King Green,Daniel Zellhuber,loss,0.578470863387708,win
David Martinez,Marlon Vera,win,0.6714895321665287,win
Lone'er Kavanagh,Brandon Moreno,win,0.5012683128056642,win
Jesus Aguilar,Sumudaerji,loss,0.5931894487103408,loss
Cody Garbrandt,Xiao Long,loss,0.527006000326365,win
Brunno Ferreira,Gregory Rodrigues,loss,0.5434042568015792,loss
Drew Dober,Michael Johnson,loss,0.5585265691132457,win
Rob Font,Raul Rosas Jr.,loss,0.6123216990677387,loss
Reinier de Ridder,Caio Borralho,loss,0.6136180036822905,loss
Max Holloway,Charles Oliveira,win,0.6134506019481779,loss
Eryk Anders,Brad Tavares,win,0.5484130984536335,win
SuYoung You,Elijah Smith,loss,0.6296407977088805,loss
Myktybek Orolbai,Chris Curtis,win,0.6469305422115271,win
Bruno Silva,Charles Johnson,loss,0.5706712752622566,loss
Andre Fili,Jose Delgado,loss,0.70065022844624,loss
Josh Emmett,Kevin Vallejos,loss,0.6956379216495381,loss
Roman Dolidze,Christian Leroy Duncan,loss,0.6655134220578173,loss
Sam Patterson,Michael Page,win,0.6162642534526925,loss
Lerone Murphy,Movsar Evloev,loss,0.5710635495684626,loss
Navajo Stirling,Bruno Lopes,win,0.6892043053732648,win
Kyle Nelson,Terrance McKinney,loss,0.5010392415666582,loss
Michael Chiesa,Niko Price,win,0.6647996041591574,win
Israel Adesanya,Joe Pyfer,loss,0.6138061718167167,loss
Tresean Gore,Azamat Bekoev,loss,0.5694543502745771,win
Lando Vannata,Darrius Flowers,win,0.5795682974578091,loss
Alessandro Costa,Stewart Nicoll,win,0.6484177042649752,win
Chris Duncan,Renato Moicano,win,0.5207968372179735,loss
Francisco Prado,Charles Radtke,loss,0.5338110627217872,loss
Vicente Luque,Kelvin Gastelum,win,0.5056304568116652,win
Esteban Ribovics,Mateusz Gamrot,loss,0.5557051744313117,loss
Kevin Holland,Randy Brown,win,0.5005169991224276,win
Cub Swanson,Nate Landwehr,win,0.6047442576995032,win
Johnny Walker,Dominick Reyes,win,0.522205179773886,loss
Curtis Blaydes,Josh Hokit,loss,0.5320991538952877,loss
Azamat Murzakanov,Paulo Costa,win,0.536719449119848,loss
Jiri Prochazka,Carlos Ulberg,loss,0.5821909353978147,loss
Gauge Young,Thiago Moises,win,0.6037410401639768,win
Kyler Phillips,Charles Jourdain,loss,0.5535829739740137,loss
Gilbert Burns,Mike Malott,loss,0.6721998576338533,loss
Cody Durden,Jafel Filho,loss,0.694204758844067,win
Jackson McVey,Sedriques Dumas,win,0.5628244094343019,win
Rodolfo Vieira,Eric McConico,win,0.5698053690146311,loss
Montel Jackson,Raoni Barcelos,win,0.5854345705409265,loss
Rafa Garcia,Alexander Hernandez,win,0.6359038848653364,win
Aljamain Sterling,Youssef Zalal,win,0.5249650393969411,win
Jonathan Micallef,Themba Gorimbo,win,0.5439712896729814,win
Colby Thicknesse,Vince Morales,win,0.6975478361560408,win
Jacob Malkoun,Gerald Meerschaert,win,0.7633880208682639,win
Tai Tuivasa,Louie Sutherland,win,0.5531900987265954,loss
Brando Pericic,Shamil Gaziev,win,0.6029162902287831,win
Steve Erceg,Tim Elliott,win,0.6079320902241131,win
Beneil Dariush,Quillan Salkilld,loss,0.6654011779211914,loss
Carlos Prates,Jack Della Maddalena,loss,0.5892132372744796,win
Clayton Carpenter,Jose Ochoa,loss,0.5884547726562435,loss
Djorden Santos,Baisangur Susurkaev,loss,0.7348192235489515,loss
Pat Sabatini,William Gomis,win,0.527869059163079,win
Marco Tulio,Roman Kopylov,win,0.6447694782546195,loss
Jared Gordon,Jim Miller,win,0.6077383173603431,loss
Mateusz Rebecki,Grant Dawson,loss,0.6944593386964927,loss
Ateba Gautier,Ozzy Diaz,win,0.6751526113909367,win
Jeremy Stephens,King Green,loss,0.6270107293917966,loss
Joaquin Buckley,Sean Brady,loss,0.5737656508608686,loss
Alexander Volkov,Waldo Cortes Acosta,loss,0.580948510195175,win
Tatsuro Taira,Joshua Van,loss,0.5412596440623146,loss
Khamzat Chimaev,Sean Strickland,win,0.7250886504080196,loss
Daniel Barez,Luis Gurule,loss,0.5646853216683871,loss
Cody Brundage,Andre Petroski,loss,0.5542053133536149,win
Ivan Erslan,Tuco Tokkos,loss,0.5330524879831007,win
Khaos Williams,Nikolay Veretennikov,win,0.6189941227232143,win
Timmy Cuamba,Benardo Sopaj,win,0.5699899520354601,loss
Dooho Choi,Daniel Santos,loss,0.5016515572447888,win
Arnold Allen,Melquizael Costa,loss,0.566809303215303,win
Rei Tsuruya,Luis Gurule,win,0.6386637322634597,win
Jake Matthews,Carlston Harris,win,0.7469837240656055,win
Cameron Smotherman,Kai Asakura,win,0.5719179926685214,loss
Tallison Teixeira,Sergei Pavlovich,win,0.5014798000796128,loss
Alonzo Menifield,Zhang Mingyang,loss,0.5962589065882895,win
Song Yadong,Deiveson Figueiredo,win,0.6413475574765973,win
Joanderson Brito,Jordan Leavitt,loss,0.5121365887747895,win
Bruno Silva,Edgar Chairez,loss,0.6551573087126593,loss
Marcus McGhee,John Yannis,loss,0.5188422747769745,win
Matt Schnell,Alessandro Costa,loss,0.5889364992279269,loss
Junior Tafa,Iwo Baraniewski,loss,0.5939709912537925,loss
Bryce Mitchell,Santiago Luna,loss,0.6600006977817692,win
Tom Nolan,Fares Ziam,loss,0.6069320546789706,win
Brendan Allen,Edmen Shahbazyan,win,0.5115492913850994,win
Belal Muhammad,Gabriel Bonfim,loss,0.6473997371922642,loss
Steve Garcia,Diego Lopes,win,0.5604546426555638,loss
Bo Nickal,Kyle Daukaus,win,0.6793400338456245,win
Mauricio Ruffy,Michael Chandler,win,0.7058956991764344,win
Derrick Lewis,Josh Hokit,loss,0.7261768873231523,loss
Sean O'Malley,Aiemann Zahabi,win,0.5811957206703805,win
Ciryl Gane,Alex Pereira,win,0.5851304317719739,win
Justin Gaethje,Ilia Topuria,loss,0.7087387765111998,win
Gaston Bolanos,Michael Aswell Jr.,loss,0.6390198730464268,win
Allan Nascimento,Mitch Raposo,win,0.5130832940648961,loss
Andre Lima,Kevin Borjas,win,0.7898653962477604,loss
Andre Fili,Vinicius Oliveira,loss,0.6432843649639299,loss
Hyder Amil,Christian Rodriguez,loss,0.7051965547328467,loss
Ion Cutelaba,Navajo Stirling,loss,0.6315794326783364,loss
Manel Kape,Kyoji Horiguchi,loss,0.5898137272320103,win
Jean Matsumoto,Bekzat Almakhan,win,0.6579588428815901,win
Andrey Pulyaev,Nursulton Ruziboev,win,0.5300183825419494,loss
Abdul Rakhman Yakhyaev,Julius Walker,win,0.6336952537677827,win
Abus Magomedov,Michal Oleksiejczuk,win,0.5247162925323562,win
Brunno Ferreira,Ikram Aliskerov,loss,0.6328705859504224,loss
Asu Almabayev,Charles Johnson,win,0.6160959969066436,win
Matheus Camilo,Nazim Sadykhov,win,0.6235109229612732,win
Shara Magomedov,Michel Pereira,win,0.6115184201784378,win
Manuel Torres,Rafael Fiziev,win,0.6788854527464372,loss
Alessandro Costa,Cody Durden,win,0.6828841609179195,win
Adrian Yanez,Cody Garbrandt,win,0.558501772334719,win
Robert Whittaker,Nikita Krylov,win,0.5196270270770713,win
Terrance McKinney,King Green,win,0.5276269245494751,loss
Lone'er Kavanagh,Brandon Royval,win,0.5867370723529364,loss
Cory Sandhagen,Mario Bautista,loss,0.5608559278516545,loss
Paddy Pimblett,Benoit Saint Denis,loss,0.5804657931811372,win
Max Holloway,Conor McGregor,win,0.649687040815539,win
Stewart Nicoll,Alden Coria,loss,0.7241071893760894,loss
Jose Delgado,Austin Bashi,win,0.5312583637862803,win
Mitch Ramirez,Chase Hooper,loss,0.7654619799125129,loss
Jared Cannonier,Christian Leroy Duncan,loss,0.6909386009778508,loss
Kamaru Usman,Dricus Du Plessis,loss,0.5322302571618254,loss
Ismael Bonfim,Axel Sola,win,0.5515601600353216,loss
Santiago Ponzinibbio,Sam Patterson,loss,0.5879004156943454,loss
Steve Erceg,Ramazan Temirov,win,0.5586495035366301,loss
Bogdan Guskov,Magomed Ankalaev,loss,0.6010314416064736,loss
Kyle Prepolec,Mateusz Rebecki,loss,0.7059545989899904,loss
Bogdan Grad,Dennis Buzukja,win,0.565517495829029,win
Ludovit Klein,Tofiq Musayev,win,0.7082803023151392,loss
Dusko Todorovic,Robert Valentin,win,0.5229640623525054,loss
Marcin Tybura,Aleksandar Rakic,loss,0.6362219251866053,loss
Jan Blachowicz,Navajo Stirling,loss,0.6305712450206222,loss
Uros Medic,Daniel Rodriguez,win,0.6127471500804618,win
Diyar Nurgozhay,Bruno Lopes,win,0.6282464737111129,win
Guilherme Pat,Steven Asplund,loss,0.6014563338596294,loss
Yadier del Valle,Darren Elkins,win,0.6668549912578099,win
Diego Ferreira,Billy Quarantillo,win,0.5489447994399559,win
Mateusz Gamrot,Quillan Salkilld,loss,0.5961262900956588,loss
Jeremiah Wells,Myktybek Orolbai,loss,0.6236240255513731,win
Neil Magny,Ramiz Brahimaj,win,0.6194666100870648,win
Tresean Gore,Vicente Luque,loss,0.5988504083616929,win
Donte Johnson,Eric McConico,win,0.7106839636960921,win
Chidi Njokuani,Joel Alvarez,loss,0.6940154480555922,win
Edson Barboza,Esteban Ribovics,loss,0.5817558489585041,loss
Mansur Abdul-Malik,Dustin Stoltzfus,win,0.5886084263320198,loss
Islam Makhachev,Ian Machado Garry,win,0.6020729174656527,win
Jackson McVey,Wes Schultz,win,0.6242269799983515,win
Chris Padilla,Nasrat Haqparast,win,0.579217332543933,win
Kennedy Nzechukwu,Shamil Gaziev,win,0.5548417388369327,loss
MarQuel Mederos,Mason Jones,win,0.5081109944550748,win
Roman Dolidze,Reinier de Ridder,loss,0.6554697798105746,loss
Vitor Petrino,Serghei Spivac,win,0.6271059483600594,win
Gregory Rodrigues,Anthony Hernandez,loss,0.6354526120082513,win
Sean Woodson,Jack Jenkins,win,0.5826835121971695,win
Rei Tsuruya,Kevin Borjas,win,0.6631367061459102,win
Sumudaerji,Alex Perez,win,0.6252240107058049,win
Kai Asakura,Aoriqileng,win,0.5719868731294349,win
Umar Nurmagomedov,Song Yadong,win,0.6146678490434692,loss
Ryan Spann,Mario Pinto,loss,0.7419010668237744,loss
Felipe Lima,Morgan Charriere,win,0.6047999332941212,win
Punahele Soriano,Daniil Donchenko,loss,0.6133081712472237,loss
Michael Page,Nursulton Ruziboev,loss,0.5253147225377071,win
Fares Ziam,Axel Sola,win,0.6468462546859847,loss
Rongzhu,Rafa Garcia,loss,0.556911315407196,win
Djorden Santos,Yousri Belgaroui,loss,0.5919781768111864,loss
Muslim Salikhov,Ignacio Bahamondes,loss,0.6510839201190199,loss
Tim Elliott,Edgar Chairez,loss,0.6532536435262983,win
Dan Ige,David Martinez,loss,0.7544526849582642,loss
Curtis Blaydes,Waldo Cortes Acosta,loss,0.590089768875178,win
Tommy McMillen,Marwan Rahiki,loss,0.5076214747760976,win
Brandon Moreno,Joseph Morales,win,0.5335204031065497,win
Jean Silva,Jose Delgado,loss,0.6551401964433534,win
Giga Chikadze,Joanderson Brito,loss,0.5732989754627317,loss
Brunno Ferreira,Edmen Shahbazyan,loss,0.6599884911822262,loss
Ozzy Diaz,Ryan Gandra,loss,0.5581205318613902,loss
JooSang Yoo,Michael Aswell Jr.,loss,0.5267517757708624,loss
Tai Tuivasa,Robelis Despaigne,loss,0.545157846194127,loss
Charles Jourdain,Marlon Vera,win,0.6562377231170656,loss
Alonzo Menifield,Iwo Baraniewski,loss,0.6131327334126269,win
Dooho Choi,Patricio Pitbull,win,0.7825092036913636,loss
Mauricio Ruffy,Arman Tsarukyan,loss,0.6641738109322755,loss
Alexandre Pantoja,Joshua Van,loss,0.6857212744240458,loss
